{
    "last_predicted_price": 5172.1142578125,
    "last_correlation_matrix": {
        "000001.SS SSE Composite Index (China)": {
            "000001.SS SSE Composite Index (China)": 1.0,
            "^AEX AEX (Netherlands)": 0.6362156661931869,
            "^ATX ATX (Austria)": 0.7399804364828659,
            "^AXJO S&P/ASX 200 (Australia)": -0.03896045216797927,
            "^BFX BEL 20 (Belgium)": 0.805417148403718,
            "^BSESN BSE Sensex (India)": -0.16633322128790104,
            "^BVSP Bovespa Index (Brazil)": 0.5957331094299555,
            "^FCHI CAC 40 (France)": 0.24852283095976802,
            "^GDAXI DAX (Germany)": 0.637197509547855,
            "^GSPC S&P 500 (United States)": 0.45528968799441355,
            "^GSPTSE S&P/TSX Composite Index (Canada)": 0.4740618177492628,
            "^HSI Hang Seng Index (Hong Kong)": 0.8554408642526969,
            "^IBEX IBEX 35 (Spain)": 0.5523719688076643,
            "^ISEQ ISEQ 20 (Ireland)": 0.40215551120759324,
            "^IXIC NASDAQ Composite (United States)": 0.4449229782242703,
            "^JKSE Jakarta Composite Index (Indonesia)": -0.38254709160795625,
            "^KS11 KOSPI (South Korea)": 0.5721659730173816,
            "^MERV MERVAL (Argentina)": 0.8373275622555855,
            "^MXX IPC (Mexico)": 0.562021729948255,
            "^N225 Nikkei 225 (Japan)": -0.18775151278284644,
            "^NSEBANK NSE Bank Index (India)": 0.2032897927610064,
            "^NSEI Nifty 50 (India)": -0.1426725342176398,
            "^NYA NYSE Composite (United States)": 0.46689224707937427,
            "^SET.BK SET Index (Thailand)": -0.33413957041093817,
            "^SSMI SMI (Switzerland)": 0.3249724971030207,
            "^STI Straits Times Index (Singapore)": 0.5755288134206651,
            "^TWII Taiwan Weighted Index (Taiwan)": 0.3879825418840713
        },
        "^AEX AEX (Netherlands)": {
            "000001.SS SSE Composite Index (China)": 0.6362156661931869,
            "^AEX AEX (Netherlands)": 1.0,
            "^ATX ATX (Austria)": 0.7812591054097577,
            "^AXJO S&P/ASX 200 (Australia)": 0.5459486288965683,
            "^BFX BEL 20 (Belgium)": 0.7912745836173215,
            "^BSESN BSE Sensex (India)": -0.00506335959453264,
            "^BVSP Bovespa Index (Brazil)": 0.7734263444538557,
            "^FCHI CAC 40 (France)": 0.4186978817383445,
            "^GDAXI DAX (Germany)": 0.8730754623186626,
            "^GSPC S&P 500 (United States)": 0.884697011350723,
            "^GSPTSE S&P/TSX Composite Index (Canada)": 0.7281179523236494,
            "^HSI Hang Seng Index (Hong Kong)": 0.7700815681383364,
            "^IBEX IBEX 35 (Spain)": 0.40576886529910167,
            "^ISEQ ISEQ 20 (Ireland)": 0.49005322853325567,
            "^IXIC NASDAQ Composite (United States)": 0.9021320682548905,
            "^JKSE Jakarta Composite Index (Indonesia)": 0.11240628674758608,
            "^KS11 KOSPI (South Korea)": 0.847508492396616,
            "^MERV MERVAL (Argentina)": 0.7702347359499232,
            "^MXX IPC (Mexico)": 0.600313843915669,
            "^N225 Nikkei 225 (Japan)": 0.4026376422686155,
            "^NSEBANK NSE Bank Index (India)": 0.20550548502828164,
            "^NSEI Nifty 50 (India)": 0.015077670059142904,
            "^NYA NYSE Composite (United States)": 0.7343586363610495,
            "^SET.BK SET Index (Thailand)": 0.364101611388124,
            "^SSMI SMI (Switzerland)": 0.7113940861077018,
            "^STI Straits Times Index (Singapore)": 0.432995841607315,
            "^TWII Taiwan Weighted Index (Taiwan)": 0.7321654071736631
        },
        "^ATX ATX (Austria)": {
            "000001.SS SSE Composite Index (China)": 0.7399804364828659,
            "^AEX AEX (Netherlands)": 0.7812591054097577,
            "^ATX ATX (Austria)": 1.0,
            "^AXJO S&P/ASX 200 (Australia)": 0.4094484530618463,
            "^BFX BEL 20 (Belgium)": 0.9144642643283143,
            "^BSESN BSE Sensex (India)": -0.06070517357365654,
            "^BVSP Bovespa Index (Brazil)": 0.7277447711941039,
            "^FCHI CAC 40 (France)": 0.5336466479298657,
            "^GDAXI DAX (Germany)": 0.8710588371504534,
            "^GSPC S&P 500 (United States)": 0.742281102843726,
            "^GSPTSE S&P/TSX Composite Index (Canada)": 0.810240799157017,
            "^HSI Hang Seng Index (Hong Kong)": 0.8061826646438773,
            "^IBEX IBEX 35 (Spain)": 0.633859188019694,
            "^ISEQ ISEQ 20 (Ireland)": 0.6552498022203543,
            "^IXIC NASDAQ Composite (United States)": 0.6459426441987015,
            "^JKSE Jakarta Composite Index (Indonesia)": -0.18926015928523182,
            "^KS11 KOSPI (South Korea)": 0.7267399627578921,
            "^MERV MERVAL (Argentina)": 0.8112200919450285,
            "^MXX IPC (Mexico)": 0.6138734315476808,
            "^N225 Nikkei 225 (Japan)": 0.0470973239066703,
            "^NSEBANK NSE Bank Index (India)": 0.14239671102068477,
            "^NSEI Nifty 50 (India)": -0.06082422125404269,
            "^NYA NYSE Composite (United States)": 0.8155914705139613,
            "^SET.BK SET Index (Thailand)": -0.1279262139466424,
            "^SSMI SMI (Switzerland)": 0.7481339426974595,
            "^STI Straits Times Index (Singapore)": 0.6440602161307805,
            "^TWII Taiwan Weighted Index (Taiwan)": 0.4515780690784366
        },
        "^AXJO S&P/ASX 200 (Australia)": {
            "000001.SS SSE Composite Index (China)": -0.03896045216797927,
            "^AEX AEX (Netherlands)": 0.5459486288965683,
            "^ATX ATX (Austria)": 0.4094484530618463,
            "^AXJO S&P/ASX 200 (Australia)": 1.0,
            "^BFX BEL 20 (Belgium)": 0.27988955459911313,
            "^BSESN BSE Sensex (India)": 0.2521869808472069,
            "^BVSP Bovespa Index (Brazil)": 0.5131121588640144,
            "^FCHI CAC 40 (France)": 0.39350532937190585,
            "^GDAXI DAX (Germany)": 0.4868565684643269,
            "^GSPC S&P 500 (United States)": 0.6666366014789675,
            "^GSPTSE S&P/TSX Composite Index (Canada)": 0.6107730429922251,
            "^HSI Hang Seng Index (Hong Kong)": 0.09508343863650828,
            "^IBEX IBEX 35 (Spain)": 0.028887204896018922,
            "^ISEQ ISEQ 20 (Ireland)": 0.43675254808312497,
            "^IXIC NASDAQ Composite (United States)": 0.625659903698979,
            "^JKSE Jakarta Composite Index (Indonesia)": 0.6218571457517963,
            "^KS11 KOSPI (South Korea)": 0.6696924597748359,
            "^MERV MERVAL (Argentina)": 0.13573415503724423,
            "^MXX IPC (Mexico)": 0.16184625409862546,
            "^N225 Nikkei 225 (Japan)": 0.741753735126579,
            "^NSEBANK NSE Bank Index (India)": 0.10264304659625587,
            "^NSEI Nifty 50 (India)": 0.21844001362935686,
            "^NYA NYSE Composite (United States)": 0.5734060432269111,
            "^SET.BK SET Index (Thailand)": 0.6459363703398859,
            "^SSMI SMI (Switzerland)": 0.66611689698948,
            "^STI Straits Times Index (Singapore)": 0.03350117348936571,
            "^TWII Taiwan Weighted Index (Taiwan)": 0.6813334167462753
        },
        "^BFX BEL 20 (Belgium)": {
            "000001.SS SSE Composite Index (China)": 0.805417148403718,
            "^AEX AEX (Netherlands)": 0.7912745836173215,
            "^ATX ATX (Austria)": 0.9144642643283143,
            "^AXJO S&P/ASX 200 (Australia)": 0.27988955459911313,
            "^BFX BEL 20 (Belgium)": 1.0,
            "^BSESN BSE Sensex (India)": -0.15490613642370293,
            "^BVSP Bovespa Index (Brazil)": 0.644431927128399,
            "^FCHI CAC 40 (France)": 0.5160412610517392,
            "^GDAXI DAX (Germany)": 0.8599837936659798,
            "^GSPC S&P 500 (United States)": 0.6226321857313679,
            "^GSPTSE S&P/TSX Composite Index (Canada)": 0.6465358862316293,
            "^HSI Hang Seng Index (Hong Kong)": 0.8358922685040714,
            "^IBEX IBEX 35 (Spain)": 0.7136657504207576,
            "^ISEQ ISEQ 20 (Ireland)": 0.5744526501758574,
            "^IXIC NASDAQ Composite (United States)": 0.5682838184719161,
            "^JKSE Jakarta Composite Index (Indonesia)": -0.3778116239297806,
            "^KS11 KOSPI (South Korea)": 0.6989623485669713,
            "^MERV MERVAL (Argentina)": 0.8579894333985734,
            "^MXX IPC (Mexico)": 0.5571630433183041,
            "^N225 Nikkei 225 (Japan)": -0.09378564655742472,
            "^NSEBANK NSE Bank Index (India)": 0.09632598515739854,
            "^NSEI Nifty 50 (India)": -0.13819192529946592,
            "^NYA NYSE Composite (United States)": 0.6487239246704131,
            "^SET.BK SET Index (Thailand)": -0.200033620943286,
            "^SSMI SMI (Switzerland)": 0.635203562322536,
            "^STI Straits Times Index (Singapore)": 0.6321864829116614,
            "^TWII Taiwan Weighted Index (Taiwan)": 0.3671516364209858
        },
        "^BSESN BSE Sensex (India)": {
            "000001.SS SSE Composite Index (China)": -0.16633322128790104,
            "^AEX AEX (Netherlands)": -0.00506335959453264,
            "^ATX ATX (Austria)": -0.06070517357365654,
            "^AXJO S&P/ASX 200 (Australia)": 0.2521869808472069,
            "^BFX BEL 20 (Belgium)": -0.15490613642370293,
            "^BSESN BSE Sensex (India)": 1.0,
            "^BVSP Bovespa Index (Brazil)": 0.281181681841509,
            "^FCHI CAC 40 (France)": -0.29283140294942755,
            "^GDAXI DAX (Germany)": -0.16697819068854486,
            "^GSPC S&P 500 (United States)": 0.17442506794978177,
            "^GSPTSE S&P/TSX Composite Index (Canada)": 0.1265477764533977,
            "^HSI Hang Seng Index (Hong Kong)": 0.1410267926612191,
            "^IBEX IBEX 35 (Spain)": 0.07316520124960028,
            "^ISEQ ISEQ 20 (Ireland)": 0.32921839150659943,
            "^IXIC NASDAQ Composite (United States)": 0.14110516310860804,
            "^JKSE Jakarta Composite Index (Indonesia)": 0.4002206159115227,
            "^KS11 KOSPI (South Korea)": 0.2850725517719701,
            "^MERV MERVAL (Argentina)": 0.0143781568318248,
            "^MXX IPC (Mexico)": 0.3164323503054986,
            "^N225 Nikkei 225 (Japan)": 0.377889888250519,
            "^NSEBANK NSE Bank Index (India)": 0.8934683101414661,
            "^NSEI Nifty 50 (India)": 0.9952434398503013,
            "^NYA NYSE Composite (United States)": 0.2927782729387511,
            "^SET.BK SET Index (Thailand)": 0.22409993298670677,
            "^SSMI SMI (Switzerland)": -0.1398785430744093,
            "^STI Straits Times Index (Singapore)": 0.44306214283794354,
            "^TWII Taiwan Weighted Index (Taiwan)": 0.2704402672603091
        },
        "^BVSP Bovespa Index (Brazil)": {
            "000001.SS SSE Composite Index (China)": 0.5957331094299555,
            "^AEX AEX (Netherlands)": 0.7734263444538557,
            "^ATX ATX (Austria)": 0.7277447711941039,
            "^AXJO S&P/ASX 200 (Australia)": 0.5131121588640144,
            "^BFX BEL 20 (Belgium)": 0.644431927128399,
            "^BSESN BSE Sensex (India)": 0.281181681841509,
            "^BVSP Bovespa Index (Brazil)": 1.0,
            "^FCHI CAC 40 (France)": 0.23856953215436918,
            "^GDAXI DAX (Germany)": 0.6563418088820935,
            "^GSPC S&P 500 (United States)": 0.8680287264842454,
            "^GSPTSE S&P/TSX Composite Index (Canada)": 0.8494415833483608,
            "^HSI Hang Seng Index (Hong Kong)": 0.6942048445486834,
            "^IBEX IBEX 35 (Spain)": 0.36603227833750746,
            "^ISEQ ISEQ 20 (Ireland)": 0.7545189858334808,
            "^IXIC NASDAQ Composite (United States)": 0.8277625788140611,
            "^JKSE Jakarta Composite Index (Indonesia)": 0.046102107809095745,
            "^KS11 KOSPI (South Korea)": 0.804833550423435,
            "^MERV MERVAL (Argentina)": 0.7516323276048972,
            "^MXX IPC (Mexico)": 0.6766491890003792,
            "^N225 Nikkei 225 (Japan)": 0.3826553523943808,
            "^NSEBANK NSE Bank Index (India)": 0.4264443986067168,
            "^NSEI Nifty 50 (India)": 0.2903260034281888,
            "^NYA NYSE Composite (United States)": 0.8522691021956588,
            "^SET.BK SET Index (Thailand)": 0.20458377010257153,
            "^SSMI SMI (Switzerland)": 0.5920261566834369,
            "^STI Straits Times Index (Singapore)": 0.45706298436956494,
            "^TWII Taiwan Weighted Index (Taiwan)": 0.6776321590207853
        },
        "^FCHI CAC 40 (France)": {
            "000001.SS SSE Composite Index (China)": 0.24852283095976802,
            "^AEX AEX (Netherlands)": 0.4186978817383445,
            "^ATX ATX (Austria)": 0.5336466479298657,
            "^AXJO S&P/ASX 200 (Australia)": 0.39350532937190585,
            "^BFX BEL 20 (Belgium)": 0.5160412610517392,
            "^BSESN BSE Sensex (India)": -0.29283140294942755,
            "^BVSP Bovespa Index (Brazil)": 0.23856953215436918,
            "^FCHI CAC 40 (France)": 1.0,
            "^GDAXI DAX (Germany)": 0.7712025205235481,
            "^GSPC S&P 500 (United States)": 0.41862173699653044,
            "^GSPTSE S&P/TSX Composite Index (Canada)": 0.5826974958757298,
            "^HSI Hang Seng Index (Hong Kong)": 0.1672971652922275,
            "^IBEX IBEX 35 (Spain)": 0.6529931120110753,
            "^ISEQ ISEQ 20 (Ireland)": 0.24192941257967454,
            "^IXIC NASDAQ Composite (United States)": 0.25126745842455356,
            "^JKSE Jakarta Composite Index (Indonesia)": -0.14737969590066888,
            "^KS11 KOSPI (South Korea)": 0.35413415643320967,
            "^MERV MERVAL (Argentina)": 0.11518617569187671,
            "^MXX IPC (Mexico)": 0.42578907467942434,
            "^N225 Nikkei 225 (Japan)": -0.07452484138960153,
            "^NSEBANK NSE Bank Index (India)": -0.3404532454358937,
            "^NSEI Nifty 50 (India)": -0.3217405054769794,
            "^NYA NYSE Composite (United States)": 0.5231961600778944,
            "^SET.BK SET Index (Thailand)": -0.15066411460420978,
            "^SSMI SMI (Switzerland)": 0.8231444629048408,
            "^STI Straits Times Index (Singapore)": 0.17587095552272428,
            "^TWII Taiwan Weighted Index (Taiwan)": 0.1553753567690617
        },
        "^GDAXI DAX (Germany)": {
            "000001.SS SSE Composite Index (China)": 0.637197509547855,
            "^AEX AEX (Netherlands)": 0.8730754623186626,
            "^ATX ATX (Austria)": 0.8710588371504534,
            "^AXJO S&P/ASX 200 (Australia)": 0.4868565684643269,
            "^BFX BEL 20 (Belgium)": 0.8599837936659798,
            "^BSESN BSE Sensex (India)": -0.16697819068854486,
            "^BVSP Bovespa Index (Brazil)": 0.6563418088820935,
            "^FCHI CAC 40 (France)": 0.7712025205235481,
            "^GDAXI DAX (Germany)": 1.0,
            "^GSPC S&P 500 (United States)": 0.7985333995161409,
            "^GSPTSE S&P/TSX Composite Index (Canada)": 0.8086732568310568,
            "^HSI Hang Seng Index (Hong Kong)": 0.685917358241415,
            "^IBEX IBEX 35 (Spain)": 0.6863808330873251,
            "^ISEQ ISEQ 20 (Ireland)": 0.5105145485212574,
            "^IXIC NASDAQ Composite (United States)": 0.7079299973684401,
            "^JKSE Jakarta Composite Index (Indonesia)": -0.13723616876215863,
            "^KS11 KOSPI (South Korea)": 0.7373372003961943,
            "^MERV MERVAL (Argentina)": 0.6514857599485102,
            "^MXX IPC (Mexico)": 0.6543601016416235,
            "^N225 Nikkei 225 (Japan)": 0.12854028490915895,
            "^NSEBANK NSE Bank Index (India)": -0.020680450065455425,
            "^NSEI Nifty 50 (India)": -0.1651776631447902,
            "^NYA NYSE Composite (United States)": 0.7957275897939303,
            "^SET.BK SET Index (Thailand)": 0.050030628670393755,
            "^SSMI SMI (Switzerland)": 0.8750390062954394,
            "^STI Straits Times Index (Singapore)": 0.48063156590715833,
            "^TWII Taiwan Weighted Index (Taiwan)": 0.5130692606513015
        },
        "^GSPC S&P 500 (United States)": {
            "000001.SS SSE Composite Index (China)": 0.45528968799441355,
            "^AEX AEX (Netherlands)": 0.884697011350723,
            "^ATX ATX (Austria)": 0.742281102843726,
            "^AXJO S&P/ASX 200 (Australia)": 0.6666366014789675,
            "^BFX BEL 20 (Belgium)": 0.6226321857313679,
            "^BSESN BSE Sensex (India)": 0.17442506794978177,
            "^BVSP Bovespa Index (Brazil)": 0.8680287264842454,
            "^FCHI CAC 40 (France)": 0.41862173699653044,
            "^GDAXI DAX (Germany)": 0.7985333995161409,
            "^GSPC S&P 500 (United States)": 1.0,
            "^GSPTSE S&P/TSX Composite Index (Canada)": 0.895770498701232,
            "^HSI Hang Seng Index (Hong Kong)": 0.636535315657376,
            "^IBEX IBEX 35 (Spain)": 0.37084961918055426,
            "^ISEQ ISEQ 20 (Ireland)": 0.5856368789622103,
            "^IXIC NASDAQ Composite (United States)": 0.9645888644250789,
            "^JKSE Jakarta Composite Index (Indonesia)": 0.2326266567070066,
            "^KS11 KOSPI (South Korea)": 0.8126191183135616,
            "^MERV MERVAL (Argentina)": 0.6469747329161117,
            "^MXX IPC (Mexico)": 0.6965332999459035,
            "^N225 Nikkei 225 (Japan)": 0.5296324211515989,
            "^NSEBANK NSE Bank Index (India)": 0.2760034234816129,
            "^NSEI Nifty 50 (India)": 0.18204536329511523,
            "^NYA NYSE Composite (United States)": 0.9036069905509748,
            "^SET.BK SET Index (Thailand)": 0.4309788493715654,
            "^SSMI SMI (Switzerland)": 0.7284052788796854,
            "^STI Straits Times Index (Singapore)": 0.4152280236364647,
            "^TWII Taiwan Weighted Index (Taiwan)": 0.7750431689666225
        },
        "^GSPTSE S&P/TSX Composite Index (Canada)": {
            "000001.SS SSE Composite Index (China)": 0.4740618177492628,
            "^AEX AEX (Netherlands)": 0.7281179523236494,
            "^ATX ATX (Austria)": 0.810240799157017,
            "^AXJO S&P/ASX 200 (Australia)": 0.6107730429922251,
            "^BFX BEL 20 (Belgium)": 0.6465358862316293,
            "^BSESN BSE Sensex (India)": 0.1265477764533977,
            "^BVSP Bovespa Index (Brazil)": 0.8494415833483608,
            "^FCHI CAC 40 (France)": 0.5826974958757298,
            "^GDAXI DAX (Germany)": 0.8086732568310568,
            "^GSPC S&P 500 (United States)": 0.895770498701232,
            "^GSPTSE S&P/TSX Composite Index (Canada)": 1.0,
            "^HSI Hang Seng Index (Hong Kong)": 0.5651251072185914,
            "^IBEX IBEX 35 (Spain)": 0.5176082486504163,
            "^ISEQ ISEQ 20 (Ireland)": 0.7013512239543989,
            "^IXIC NASDAQ Composite (United States)": 0.7697657762987057,
            "^JKSE Jakarta Composite Index (Indonesia)": 0.012056310722773621,
            "^KS11 KOSPI (South Korea)": 0.6751740334740897,
            "^MERV MERVAL (Argentina)": 0.60649472410042,
            "^MXX IPC (Mexico)": 0.7078681761213266,
            "^N225 Nikkei 225 (Japan)": 0.2674123436932949,
            "^NSEBANK NSE Bank Index (India)": 0.173142966665123,
            "^NSEI Nifty 50 (India)": 0.11380821990879536,
            "^NYA NYSE Composite (United States)": 0.9550426519678973,
            "^SET.BK SET Index (Thailand)": 0.11845763220795512,
            "^SSMI SMI (Switzerland)": 0.8103020943874879,
            "^STI Straits Times Index (Singapore)": 0.4382119892974848,
            "^TWII Taiwan Weighted Index (Taiwan)": 0.5393821355796813
        },
        "^HSI Hang Seng Index (Hong Kong)": {
            "000001.SS SSE Composite Index (China)": 0.8554408642526969,
            "^AEX AEX (Netherlands)": 0.7700815681383364,
            "^ATX ATX (Austria)": 0.8061826646438773,
            "^AXJO S&P/ASX 200 (Australia)": 0.09508343863650828,
            "^BFX BEL 20 (Belgium)": 0.8358922685040714,
            "^BSESN BSE Sensex (India)": 0.1410267926612191,
            "^BVSP Bovespa Index (Brazil)": 0.6942048445486834,
            "^FCHI CAC 40 (France)": 0.1672971652922275,
            "^GDAXI DAX (Germany)": 0.685917358241415,
            "^GSPC S&P 500 (United States)": 0.636535315657376,
            "^GSPTSE S&P/TSX Composite Index (Canada)": 0.5651251072185914,
            "^HSI Hang Seng Index (Hong Kong)": 1.0,
            "^IBEX IBEX 35 (Spain)": 0.6121365830849186,
            "^ISEQ ISEQ 20 (Ireland)": 0.5670360473929268,
            "^IXIC NASDAQ Composite (United States)": 0.6275023776416948,
            "^JKSE Jakarta Composite Index (Indonesia)": -0.27462031814089366,
            "^KS11 KOSPI (South Korea)": 0.6907238451998169,
            "^MERV MERVAL (Argentina)": 0.9287254698561923,
            "^MXX IPC (Mexico)": 0.6942053776752724,
            "^N225 Nikkei 225 (Japan)": -0.014889268382871183,
            "^NSEBANK NSE Bank Index (India)": 0.47075330363770035,
            "^NSEI Nifty 50 (India)": 0.18301609316730114,
            "^NYA NYSE Composite (United States)": 0.6509679985485232,
            "^SET.BK SET Index (Thailand)": -0.13975547652077353,
            "^SSMI SMI (Switzerland)": 0.35467949772126856,
            "^STI Straits Times Index (Singapore)": 0.8121554618961906,
            "^TWII Taiwan Weighted Index (Taiwan)": 0.4690115989354358
        },
        "^IBEX IBEX 35 (Spain)": {
            "000001.SS SSE Composite Index (China)": 0.5523719688076643,
            "^AEX AEX (Netherlands)": 0.40576886529910167,
            "^ATX ATX (Austria)": 0.633859188019694,
            "^AXJO S&P/ASX 200 (Australia)": 0.028887204896018922,
            "^BFX BEL 20 (Belgium)": 0.7136657504207576,
            "^BSESN BSE Sensex (India)": 0.07316520124960028,
            "^BVSP Bovespa Index (Brazil)": 0.36603227833750746,
            "^FCHI CAC 40 (France)": 0.6529931120110753,
            "^GDAXI DAX (Germany)": 0.6863808330873251,
            "^GSPC S&P 500 (United States)": 0.37084961918055426,
            "^GSPTSE S&P/TSX Composite Index (Canada)": 0.5176082486504163,
            "^HSI Hang Seng Index (Hong Kong)": 0.6121365830849186,
            "^IBEX IBEX 35 (Spain)": 1.0,
            "^ISEQ ISEQ 20 (Ireland)": 0.4853366907996942,
            "^IXIC NASDAQ Composite (United States)": 0.21726092076706752,
            "^JKSE Jakarta Composite Index (Indonesia)": -0.544989614666871,
            "^KS11 KOSPI (South Korea)": 0.40584742956183867,
            "^MERV MERVAL (Argentina)": 0.4851455269396867,
            "^MXX IPC (Mexico)": 0.7065674347576603,
            "^N225 Nikkei 225 (Japan)": -0.35172469946859897,
            "^NSEBANK NSE Bank Index (India)": 0.17056900631460709,
            "^NSEI Nifty 50 (India)": 0.08780885039917849,
            "^NYA NYSE Composite (United States)": 0.5817064554804641,
            "^SET.BK SET Index (Thailand)": -0.49409723925228083,
            "^SSMI SMI (Switzerland)": 0.4512518009851327,
            "^STI Straits Times Index (Singapore)": 0.7593426081872328,
            "^TWII Taiwan Weighted Index (Taiwan)": 0.057215711966241395
        },
        "^ISEQ ISEQ 20 (Ireland)": {
            "000001.SS SSE Composite Index (China)": 0.40215551120759324,
            "^AEX AEX (Netherlands)": 0.49005322853325567,
            "^ATX ATX (Austria)": 0.6552498022203543,
            "^AXJO S&P/ASX 200 (Australia)": 0.43675254808312497,
            "^BFX BEL 20 (Belgium)": 0.5744526501758574,
            "^BSESN BSE Sensex (India)": 0.32921839150659943,
            "^BVSP Bovespa Index (Brazil)": 0.7545189858334808,
            "^FCHI CAC 40 (France)": 0.24192941257967454,
            "^GDAXI DAX (Germany)": 0.5105145485212574,
            "^GSPC S&P 500 (United States)": 0.5856368789622103,
            "^GSPTSE S&P/TSX Composite Index (Canada)": 0.7013512239543989,
            "^HSI Hang Seng Index (Hong Kong)": 0.5670360473929268,
            "^IBEX IBEX 35 (Spain)": 0.4853366907996942,
            "^ISEQ ISEQ 20 (Ireland)": 1.0,
            "^IXIC NASDAQ Composite (United States)": 0.5042542123305678,
            "^JKSE Jakarta Composite Index (Indonesia)": -0.1417120978881408,
            "^KS11 KOSPI (South Korea)": 0.5978045777295382,
            "^MERV MERVAL (Argentina)": 0.5797161571960366,
            "^MXX IPC (Mexico)": 0.3965706968525892,
            "^N225 Nikkei 225 (Japan)": 0.15673709192784654,
            "^NSEBANK NSE Bank Index (India)": 0.35182045579700155,
            "^NSEI Nifty 50 (India)": 0.33655972133815615,
            "^NYA NYSE Composite (United States)": 0.6964279348996356,
            "^SET.BK SET Index (Thailand)": -0.0675612442838787,
            "^SSMI SMI (Switzerland)": 0.47259213630792435,
            "^STI Straits Times Index (Singapore)": 0.5503528040982285,
            "^TWII Taiwan Weighted Index (Taiwan)": 0.3814414074999126
        },
        "^IXIC NASDAQ Composite (United States)": {
            "000001.SS SSE Composite Index (China)": 0.4449229782242703,
            "^AEX AEX (Netherlands)": 0.9021320682548905,
            "^ATX ATX (Austria)": 0.6459426441987015,
            "^AXJO S&P/ASX 200 (Australia)": 0.625659903698979,
            "^BFX BEL 20 (Belgium)": 0.5682838184719161,
            "^BSESN BSE Sensex (India)": 0.14110516310860804,
            "^BVSP Bovespa Index (Brazil)": 0.8277625788140611,
            "^FCHI CAC 40 (France)": 0.25126745842455356,
            "^GDAXI DAX (Germany)": 0.7079299973684401,
            "^GSPC S&P 500 (United States)": 0.9645888644250789,
            "^GSPTSE S&P/TSX Composite Index (Canada)": 0.7697657762987057,
            "^HSI Hang Seng Index (Hong Kong)": 0.6275023776416948,
            "^IBEX IBEX 35 (Spain)": 0.21726092076706752,
            "^ISEQ ISEQ 20 (Ireland)": 0.5042542123305678,
            "^IXIC NASDAQ Composite (United States)": 1.0,
            "^JKSE Jakarta Composite Index (Indonesia)": 0.283484756116335,
            "^KS11 KOSPI (South Korea)": 0.7978308720422002,
            "^MERV MERVAL (Argentina)": 0.6567349499470387,
            "^MXX IPC (Mexico)": 0.5893710990922099,
            "^N225 Nikkei 225 (Japan)": 0.6076010374819346,
            "^NSEBANK NSE Bank Index (India)": 0.2805082603100261,
            "^NSEI Nifty 50 (India)": 0.15987573173731146,
            "^NYA NYSE Composite (United States)": 0.7689854533004771,
            "^SET.BK SET Index (Thailand)": 0.5500402840098969,
            "^SSMI SMI (Switzerland)": 0.6023080085419351,
            "^STI Straits Times Index (Singapore)": 0.3264347627638255,
            "^TWII Taiwan Weighted Index (Taiwan)": 0.8339001121807145
        },
        "^JKSE Jakarta Composite Index (Indonesia)": {
            "000001.SS SSE Composite Index (China)": -0.38254709160795625,
            "^AEX AEX (Netherlands)": 0.11240628674758608,
            "^ATX ATX (Austria)": -0.18926015928523182,
            "^AXJO S&P/ASX 200 (Australia)": 0.6218571457517963,
            "^BFX BEL 20 (Belgium)": -0.3778116239297806,
            "^BSESN BSE Sensex (India)": 0.4002206159115227,
            "^BVSP Bovespa Index (Brazil)": 0.046102107809095745,
            "^FCHI CAC 40 (France)": -0.14737969590066888,
            "^GDAXI DAX (Germany)": -0.13723616876215863,
            "^GSPC S&P 500 (United States)": 0.2326266567070066,
            "^GSPTSE S&P/TSX Composite Index (Canada)": 0.012056310722773621,
            "^HSI Hang Seng Index (Hong Kong)": -0.27462031814089366,
            "^IBEX IBEX 35 (Spain)": -0.544989614666871,
            "^ISEQ ISEQ 20 (Ireland)": -0.1417120978881408,
            "^IXIC NASDAQ Composite (United States)": 0.283484756116335,
            "^JKSE Jakarta Composite Index (Indonesia)": 1.0,
            "^KS11 KOSPI (South Korea)": 0.2855400114779134,
            "^MERV MERVAL (Argentina)": -0.32461221161806536,
            "^MXX IPC (Mexico)": -0.17707931879058994,
            "^N225 Nikkei 225 (Japan)": 0.8293083115273966,
            "^NSEBANK NSE Bank Index (India)": 0.24363551614344656,
            "^NSEI Nifty 50 (India)": 0.36462058791667956,
            "^NYA NYSE Composite (United States)": 0.06159680154973277,
            "^SET.BK SET Index (Thailand)": 0.7737110277136533,
            "^SSMI SMI (Switzerland)": 0.14627642843121125,
            "^STI Straits Times Index (Singapore)": -0.2579225963684552,
            "^TWII Taiwan Weighted Index (Taiwan)": 0.5761460931486703
        },
        "^KS11 KOSPI (South Korea)": {
            "000001.SS SSE Composite Index (China)": 0.5721659730173816,
            "^AEX AEX (Netherlands)": 0.847508492396616,
            "^ATX ATX (Austria)": 0.7267399627578921,
            "^AXJO S&P/ASX 200 (Australia)": 0.6696924597748359,
            "^BFX BEL 20 (Belgium)": 0.6989623485669713,
            "^BSESN BSE Sensex (India)": 0.2850725517719701,
            "^BVSP Bovespa Index (Brazil)": 0.804833550423435,
            "^FCHI CAC 40 (France)": 0.35413415643320967,
            "^GDAXI DAX (Germany)": 0.7373372003961943,
            "^GSPC S&P 500 (United States)": 0.8126191183135616,
            "^GSPTSE S&P/TSX Composite Index (Canada)": 0.6751740334740897,
            "^HSI Hang Seng Index (Hong Kong)": 0.6907238451998169,
            "^IBEX IBEX 35 (Spain)": 0.40584742956183867,
            "^ISEQ ISEQ 20 (Ireland)": 0.5978045777295382,
            "^IXIC NASDAQ Composite (United States)": 0.7978308720422002,
            "^JKSE Jakarta Composite Index (Indonesia)": 0.2855400114779134,
            "^KS11 KOSPI (South Korea)": 1.0,
            "^MERV MERVAL (Argentina)": 0.6298866472900078,
            "^MXX IPC (Mexico)": 0.5499644031016813,
            "^N225 Nikkei 225 (Japan)": 0.5618018211925259,
            "^NSEBANK NSE Bank Index (India)": 0.41952947695302417,
            "^NSEI Nifty 50 (India)": 0.2854533594183207,
            "^NYA NYSE Composite (United States)": 0.7334771386984892,
            "^SET.BK SET Index (Thailand)": 0.3475760887561174,
            "^SSMI SMI (Switzerland)": 0.6377141431844244,
            "^STI Straits Times Index (Singapore)": 0.5040622603671693,
            "^TWII Taiwan Weighted Index (Taiwan)": 0.8554635533512301
        },
        "^MERV MERVAL (Argentina)": {
            "000001.SS SSE Composite Index (China)": 0.8373275622555855,
            "^AEX AEX (Netherlands)": 0.7702347359499232,
            "^ATX ATX (Austria)": 0.8112200919450285,
            "^AXJO S&P/ASX 200 (Australia)": 0.13573415503724423,
            "^BFX BEL 20 (Belgium)": 0.8579894333985734,
            "^BSESN BSE Sensex (India)": 0.0143781568318248,
            "^BVSP Bovespa Index (Brazil)": 0.7516323276048972,
            "^FCHI CAC 40 (France)": 0.11518617569187671,
            "^GDAXI DAX (Germany)": 0.6514857599485102,
            "^GSPC S&P 500 (United States)": 0.6469747329161117,
            "^GSPTSE S&P/TSX Composite Index (Canada)": 0.60649472410042,
            "^HSI Hang Seng Index (Hong Kong)": 0.9287254698561923,
            "^IBEX IBEX 35 (Spain)": 0.4851455269396867,
            "^ISEQ ISEQ 20 (Ireland)": 0.5797161571960366,
            "^IXIC NASDAQ Composite (United States)": 0.6567349499470387,
            "^JKSE Jakarta Composite Index (Indonesia)": -0.32461221161806536,
            "^KS11 KOSPI (South Korea)": 0.6298866472900078,
            "^MERV MERVAL (Argentina)": 1.0,
            "^MXX IPC (Mexico)": 0.6020620496930531,
            "^N225 Nikkei 225 (Japan)": -0.040417780649642944,
            "^NSEBANK NSE Bank Index (India)": 0.3516795358100336,
            "^NSEI Nifty 50 (India)": 0.05232085405813754,
            "^NYA NYSE Composite (United States)": 0.6222126330490317,
            "^SET.BK SET Index (Thailand)": -0.11338975329298266,
            "^SSMI SMI (Switzerland)": 0.37073978890722165,
            "^STI Straits Times Index (Singapore)": 0.6546543194209411,
            "^TWII Taiwan Weighted Index (Taiwan)": 0.4047940990477718
        },
        "^MXX IPC (Mexico)": {
            "000001.SS SSE Composite Index (China)": 0.562021729948255,
            "^AEX AEX (Netherlands)": 0.600313843915669,
            "^ATX ATX (Austria)": 0.6138734315476808,
            "^AXJO S&P/ASX 200 (Australia)": 0.16184625409862546,
            "^BFX BEL 20 (Belgium)": 0.5571630433183041,
            "^BSESN BSE Sensex (India)": 0.3164323503054986,
            "^BVSP Bovespa Index (Brazil)": 0.6766491890003792,
            "^FCHI CAC 40 (France)": 0.42578907467942434,
            "^GDAXI DAX (Germany)": 0.6543601016416235,
            "^GSPC S&P 500 (United States)": 0.6965332999459035,
            "^GSPTSE S&P/TSX Composite Index (Canada)": 0.7078681761213266,
            "^HSI Hang Seng Index (Hong Kong)": 0.6942053776752724,
            "^IBEX IBEX 35 (Spain)": 0.7065674347576603,
            "^ISEQ ISEQ 20 (Ireland)": 0.3965706968525892,
            "^IXIC NASDAQ Composite (United States)": 0.5893710990922099,
            "^JKSE Jakarta Composite Index (Indonesia)": -0.17707931879058994,
            "^KS11 KOSPI (South Korea)": 0.5499644031016813,
            "^MERV MERVAL (Argentina)": 0.6020620496930531,
            "^MXX IPC (Mexico)": 1.0,
            "^N225 Nikkei 225 (Japan)": 0.029806941964754904,
            "^NSEBANK NSE Bank Index (India)": 0.4701209752063374,
            "^NSEI Nifty 50 (India)": 0.3386219634075385,
            "^NYA NYSE Composite (United States)": 0.8029442504849063,
            "^SET.BK SET Index (Thailand)": -0.08713739565073005,
            "^SSMI SMI (Switzerland)": 0.4686577954144717,
            "^STI Straits Times Index (Singapore)": 0.6969732776689862,
            "^TWII Taiwan Weighted Index (Taiwan)": 0.3962817618302908
        },
        "^N225 Nikkei 225 (Japan)": {
            "000001.SS SSE Composite Index (China)": -0.18775151278284644,
            "^AEX AEX (Netherlands)": 0.4026376422686155,
            "^ATX ATX (Austria)": 0.0470973239066703,
            "^AXJO S&P/ASX 200 (Australia)": 0.741753735126579,
            "^BFX BEL 20 (Belgium)": -0.09378564655742472,
            "^BSESN BSE Sensex (India)": 0.377889888250519,
            "^BVSP Bovespa Index (Brazil)": 0.3826553523943808,
            "^FCHI CAC 40 (France)": -0.07452484138960153,
            "^GDAXI DAX (Germany)": 0.12854028490915895,
            "^GSPC S&P 500 (United States)": 0.5296324211515989,
            "^GSPTSE S&P/TSX Composite Index (Canada)": 0.2674123436932949,
            "^HSI Hang Seng Index (Hong Kong)": -0.014889268382871183,
            "^IBEX IBEX 35 (Spain)": -0.35172469946859897,
            "^ISEQ ISEQ 20 (Ireland)": 0.15673709192784654,
            "^IXIC NASDAQ Composite (United States)": 0.6076010374819346,
            "^JKSE Jakarta Composite Index (Indonesia)": 0.8293083115273966,
            "^KS11 KOSPI (South Korea)": 0.5618018211925259,
            "^MERV MERVAL (Argentina)": -0.040417780649642944,
            "^MXX IPC (Mexico)": 0.029806941964754904,
            "^N225 Nikkei 225 (Japan)": 1.0,
            "^NSEBANK NSE Bank Index (India)": 0.271905195104698,
            "^NSEI Nifty 50 (India)": 0.3661421170876213,
            "^NYA NYSE Composite (United States)": 0.30132936111903424,
            "^SET.BK SET Index (Thailand)": 0.8878103794136308,
            "^SSMI SMI (Switzerland)": 0.26297450678093787,
            "^STI Straits Times Index (Singapore)": -0.10773148215866059,
            "^TWII Taiwan Weighted Index (Taiwan)": 0.7732892017081507
        },
        "^NSEBANK NSE Bank Index (India)": {
            "000001.SS SSE Composite Index (China)": 0.2032897927610064,
            "^AEX AEX (Netherlands)": 0.20550548502828164,
            "^ATX ATX (Austria)": 0.14239671102068477,
            "^AXJO S&P/ASX 200 (Australia)": 0.10264304659625587,
            "^BFX BEL 20 (Belgium)": 0.09632598515739854,
            "^BSESN BSE Sensex (India)": 0.8934683101414661,
            "^BVSP Bovespa Index (Brazil)": 0.4264443986067168,
            "^FCHI CAC 40 (France)": -0.3404532454358937,
            "^GDAXI DAX (Germany)": -0.020680450065455425,
            "^GSPC S&P 500 (United States)": 0.2760034234816129,
            "^GSPTSE S&P/TSX Composite Index (Canada)": 0.173142966665123,
            "^HSI Hang Seng Index (Hong Kong)": 0.47075330363770035,
            "^IBEX IBEX 35 (Spain)": 0.17056900631460709,
            "^ISEQ ISEQ 20 (Ireland)": 0.35182045579700155,
            "^IXIC NASDAQ Composite (United States)": 0.2805082603100261,
            "^JKSE Jakarta Composite Index (Indonesia)": 0.24363551614344656,
            "^KS11 KOSPI (South Korea)": 0.41952947695302417,
            "^MERV MERVAL (Argentina)": 0.3516795358100336,
            "^MXX IPC (Mexico)": 0.4701209752063374,
            "^N225 Nikkei 225 (Japan)": 0.271905195104698,
            "^NSEBANK NSE Bank Index (India)": 1.0,
            "^NSEI Nifty 50 (India)": 0.9068824519622631,
            "^NYA NYSE Composite (United States)": 0.3529391628954998,
            "^SET.BK SET Index (Thailand)": 0.10426541911017805,
            "^SSMI SMI (Switzerland)": -0.15074947911637201,
            "^STI Straits Times Index (Singapore)": 0.6342463635520516,
            "^TWII Taiwan Weighted Index (Taiwan)": 0.3756913140344258
        },
        "^NSEI Nifty 50 (India)": {
            "000001.SS SSE Composite Index (China)": -0.1426725342176398,
            "^AEX AEX (Netherlands)": 0.015077670059142904,
            "^ATX ATX (Austria)": -0.06082422125404269,
            "^AXJO S&P/ASX 200 (Australia)": 0.21844001362935686,
            "^BFX BEL 20 (Belgium)": -0.13819192529946592,
            "^BSESN BSE Sensex (India)": 0.9952434398503013,
            "^BVSP Bovespa Index (Brazil)": 0.2903260034281888,
            "^FCHI CAC 40 (France)": -0.3217405054769794,
            "^GDAXI DAX (Germany)": -0.1651776631447902,
            "^GSPC S&P 500 (United States)": 0.18204536329511523,
            "^GSPTSE S&P/TSX Composite Index (Canada)": 0.11380821990879536,
            "^HSI Hang Seng Index (Hong Kong)": 0.18301609316730114,
            "^IBEX IBEX 35 (Spain)": 0.08780885039917849,
            "^ISEQ ISEQ 20 (Ireland)": 0.33655972133815615,
            "^IXIC NASDAQ Composite (United States)": 0.15987573173731146,
            "^JKSE Jakarta Composite Index (Indonesia)": 0.36462058791667956,
            "^KS11 KOSPI (South Korea)": 0.2854533594183207,
            "^MERV MERVAL (Argentina)": 0.05232085405813754,
            "^MXX IPC (Mexico)": 0.3386219634075385,
            "^N225 Nikkei 225 (Japan)": 0.3661421170876213,
            "^NSEBANK NSE Bank Index (India)": 0.9068824519622631,
            "^NSEI Nifty 50 (India)": 1.0,
            "^NYA NYSE Composite (United States)": 0.288946380890129,
            "^SET.BK SET Index (Thailand)": 0.22255629780542432,
            "^SSMI SMI (Switzerland)": -0.17107628497437852,
            "^STI Straits Times Index (Singapore)": 0.4744171952485594,
            "^TWII Taiwan Weighted Index (Taiwan)": 0.2714907574950767
        },
        "^NYA NYSE Composite (United States)": {
            "000001.SS SSE Composite Index (China)": 0.46689224707937427,
            "^AEX AEX (Netherlands)": 0.7343586363610495,
            "^ATX ATX (Austria)": 0.8155914705139613,
            "^AXJO S&P/ASX 200 (Australia)": 0.5734060432269111,
            "^BFX BEL 20 (Belgium)": 0.6487239246704131,
            "^BSESN BSE Sensex (India)": 0.2927782729387511,
            "^BVSP Bovespa Index (Brazil)": 0.8522691021956588,
            "^FCHI CAC 40 (France)": 0.5231961600778944,
            "^GDAXI DAX (Germany)": 0.7957275897939303,
            "^GSPC S&P 500 (United States)": 0.9036069905509748,
            "^GSPTSE S&P/TSX Composite Index (Canada)": 0.9550426519678973,
            "^HSI Hang Seng Index (Hong Kong)": 0.6509679985485232,
            "^IBEX IBEX 35 (Spain)": 0.5817064554804641,
            "^ISEQ ISEQ 20 (Ireland)": 0.6964279348996356,
            "^IXIC NASDAQ Composite (United States)": 0.7689854533004771,
            "^JKSE Jakarta Composite Index (Indonesia)": 0.06159680154973277,
            "^KS11 KOSPI (South Korea)": 0.7334771386984892,
            "^MERV MERVAL (Argentina)": 0.6222126330490317,
            "^MXX IPC (Mexico)": 0.8029442504849063,
            "^N225 Nikkei 225 (Japan)": 0.30132936111903424,
            "^NSEBANK NSE Bank Index (India)": 0.3529391628954998,
            "^NSEI Nifty 50 (India)": 0.288946380890129,
            "^NYA NYSE Composite (United States)": 1.0,
            "^SET.BK SET Index (Thailand)": 0.13188135522874359,
            "^SSMI SMI (Switzerland)": 0.7578220895411089,
            "^STI Straits Times Index (Singapore)": 0.6008073991765914,
            "^TWII Taiwan Weighted Index (Taiwan)": 0.5593248297376326
        },
        "^SET.BK SET Index (Thailand)": {
            "000001.SS SSE Composite Index (China)": -0.33413957041093817,
            "^AEX AEX (Netherlands)": 0.364101611388124,
            "^ATX ATX (Austria)": -0.1279262139466424,
            "^AXJO S&P/ASX 200 (Australia)": 0.6459363703398859,
            "^BFX BEL 20 (Belgium)": -0.200033620943286,
            "^BSESN BSE Sensex (India)": 0.22409993298670677,
            "^BVSP Bovespa Index (Brazil)": 0.20458377010257153,
            "^FCHI CAC 40 (France)": -0.15066411460420978,
            "^GDAXI DAX (Germany)": 0.050030628670393755,
            "^GSPC S&P 500 (United States)": 0.4309788493715654,
            "^GSPTSE S&P/TSX Composite Index (Canada)": 0.11845763220795512,
            "^HSI Hang Seng Index (Hong Kong)": -0.13975547652077353,
            "^IBEX IBEX 35 (Spain)": -0.49409723925228083,
            "^ISEQ ISEQ 20 (Ireland)": -0.0675612442838787,
            "^IXIC NASDAQ Composite (United States)": 0.5500402840098969,
            "^JKSE Jakarta Composite Index (Indonesia)": 0.7737110277136533,
            "^KS11 KOSPI (South Korea)": 0.3475760887561174,
            "^MERV MERVAL (Argentina)": -0.11338975329298266,
            "^MXX IPC (Mexico)": -0.08713739565073005,
            "^N225 Nikkei 225 (Japan)": 0.8878103794136308,
            "^NSEBANK NSE Bank Index (India)": 0.10426541911017805,
            "^NSEI Nifty 50 (India)": 0.22255629780542432,
            "^NYA NYSE Composite (United States)": 0.13188135522874359,
            "^SET.BK SET Index (Thailand)": 1.0,
            "^SSMI SMI (Switzerland)": 0.17826061601388268,
            "^STI Straits Times Index (Singapore)": -0.3245866436733021,
            "^TWII Taiwan Weighted Index (Taiwan)": 0.6068220698221913
        },
        "^SSMI SMI (Switzerland)": {
            "000001.SS SSE Composite Index (China)": 0.3249724971030207,
            "^AEX AEX (Netherlands)": 0.7113940861077018,
            "^ATX ATX (Austria)": 0.7481339426974595,
            "^AXJO S&P/ASX 200 (Australia)": 0.66611689698948,
            "^BFX BEL 20 (Belgium)": 0.635203562322536,
            "^BSESN BSE Sensex (India)": -0.1398785430744093,
            "^BVSP Bovespa Index (Brazil)": 0.5920261566834369,
            "^FCHI CAC 40 (France)": 0.8231444629048408,
            "^GDAXI DAX (Germany)": 0.8750390062954394,
            "^GSPC S&P 500 (United States)": 0.7284052788796854,
            "^GSPTSE S&P/TSX Composite Index (Canada)": 0.8103020943874879,
            "^HSI Hang Seng Index (Hong Kong)": 0.35467949772126856,
            "^IBEX IBEX 35 (Spain)": 0.4512518009851327,
            "^ISEQ ISEQ 20 (Ireland)": 0.47259213630792435,
            "^IXIC NASDAQ Composite (United States)": 0.6023080085419351,
            "^JKSE Jakarta Composite Index (Indonesia)": 0.14627642843121125,
            "^KS11 KOSPI (South Korea)": 0.6377141431844244,
            "^MERV MERVAL (Argentina)": 0.37073978890722165,
            "^MXX IPC (Mexico)": 0.4686577954144717,
            "^N225 Nikkei 225 (Japan)": 0.26297450678093787,
            "^NSEBANK NSE Bank Index (India)": -0.15074947911637201,
            "^NSEI Nifty 50 (India)": -0.17107628497437852,
            "^NYA NYSE Composite (United States)": 0.7578220895411089,
            "^SET.BK SET Index (Thailand)": 0.17826061601388268,
            "^SSMI SMI (Switzerland)": 1.0,
            "^STI Straits Times Index (Singapore)": 0.18907048272827526,
            "^TWII Taiwan Weighted Index (Taiwan)": 0.4509305689463815
        },
        "^STI Straits Times Index (Singapore)": {
            "000001.SS SSE Composite Index (China)": 0.5755288134206651,
            "^AEX AEX (Netherlands)": 0.432995841607315,
            "^ATX ATX (Austria)": 0.6440602161307805,
            "^AXJO S&P/ASX 200 (Australia)": 0.03350117348936571,
            "^BFX BEL 20 (Belgium)": 0.6321864829116614,
            "^BSESN BSE Sensex (India)": 0.44306214283794354,
            "^BVSP Bovespa Index (Brazil)": 0.45706298436956494,
            "^FCHI CAC 40 (France)": 0.17587095552272428,
            "^GDAXI DAX (Germany)": 0.48063156590715833,
            "^GSPC S&P 500 (United States)": 0.4152280236364647,
            "^GSPTSE S&P/TSX Composite Index (Canada)": 0.4382119892974848,
            "^HSI Hang Seng Index (Hong Kong)": 0.8121554618961906,
            "^IBEX IBEX 35 (Spain)": 0.7593426081872328,
            "^ISEQ ISEQ 20 (Ireland)": 0.5503528040982285,
            "^IXIC NASDAQ Composite (United States)": 0.3264347627638255,
            "^JKSE Jakarta Composite Index (Indonesia)": -0.2579225963684552,
            "^KS11 KOSPI (South Korea)": 0.5040622603671693,
            "^MERV MERVAL (Argentina)": 0.6546543194209411,
            "^MXX IPC (Mexico)": 0.6969732776689862,
            "^N225 Nikkei 225 (Japan)": -0.10773148215866059,
            "^NSEBANK NSE Bank Index (India)": 0.6342463635520516,
            "^NSEI Nifty 50 (India)": 0.4744171952485594,
            "^NYA NYSE Composite (United States)": 0.6008073991765914,
            "^SET.BK SET Index (Thailand)": -0.3245866436733021,
            "^SSMI SMI (Switzerland)": 0.18907048272827526,
            "^STI Straits Times Index (Singapore)": 1.0,
            "^TWII Taiwan Weighted Index (Taiwan)": 0.22613150306029844
        },
        "^TWII Taiwan Weighted Index (Taiwan)": {
            "000001.SS SSE Composite Index (China)": 0.3879825418840713,
            "^AEX AEX (Netherlands)": 0.7321654071736631,
            "^ATX ATX (Austria)": 0.4515780690784366,
            "^AXJO S&P/ASX 200 (Australia)": 0.6813334167462753,
            "^BFX BEL 20 (Belgium)": 0.3671516364209858,
            "^BSESN BSE Sensex (India)": 0.2704402672603091,
            "^BVSP Bovespa Index (Brazil)": 0.6776321590207853,
            "^FCHI CAC 40 (France)": 0.1553753567690617,
            "^GDAXI DAX (Germany)": 0.5130692606513015,
            "^GSPC S&P 500 (United States)": 0.7750431689666225,
            "^GSPTSE S&P/TSX Composite Index (Canada)": 0.5393821355796813,
            "^HSI Hang Seng Index (Hong Kong)": 0.4690115989354358,
            "^IBEX IBEX 35 (Spain)": 0.057215711966241395,
            "^ISEQ ISEQ 20 (Ireland)": 0.3814414074999126,
            "^IXIC NASDAQ Composite (United States)": 0.8339001121807145,
            "^JKSE Jakarta Composite Index (Indonesia)": 0.5761460931486703,
            "^KS11 KOSPI (South Korea)": 0.8554635533512301,
            "^MERV MERVAL (Argentina)": 0.4047940990477718,
            "^MXX IPC (Mexico)": 0.3962817618302908,
            "^N225 Nikkei 225 (Japan)": 0.7732892017081507,
            "^NSEBANK NSE Bank Index (India)": 0.3756913140344258,
            "^NSEI Nifty 50 (India)": 0.2714907574950767,
            "^NYA NYSE Composite (United States)": 0.5593248297376326,
            "^SET.BK SET Index (Thailand)": 0.6068220698221913,
            "^SSMI SMI (Switzerland)": 0.4509305689463815,
            "^STI Straits Times Index (Singapore)": 0.22613150306029844,
            "^TWII Taiwan Weighted Index (Taiwan)": 1.0
        }
    }
}